gender,age,height_bad,timestamp,dead
male,45,80,1325627874,0
male,93,200,1325621596,1
female,98,100,1325319948,1
male,6,100,1325319873,1
female,50,80,1325327166,0
male,94,200,1325321645,1
female,91,100,1325324266,1
female,28,200,1325320070,0
female,57,60,1325623697,0
female,30,80,1325322959,0
female,53,200,1325623987,1
female,30,60,1325621381,0
female,83,60,1325624519,1
female,55,200,1325627465,0
male,29,100,1325621914,0
female,12,200,1325620449,0
female,19,60,1325323683,0
male,3,200,1325620642,1
male,3,80,1325626836,1
female,26,80,1325624122,0
female,90,200,1325321503,1
male,49,200,1325625280,0
female,47,60,1325320127,0
male,5,60,1325319419,0
female,55,100,1325628263,0
female,2,100,1325622291,1
male,0,100,1325625920,1
female,20,200,1325321211,0
female,86,200,1325626238,1
male,97,200,1325620769,1
male,50,200,1325324290,0
male,95,60,1325620556,0
male,57,80,1325324791,0
male,51,60,1325626959,0
male,23,80,1325323997,0
male,54,200,1325321108,1
male,86,80,1325319741,0
male,33,60,1325324496,0
female,6,100,1325325380,0
male,64,200,1325623355,1
female,31,100,1325623162,0
male,28,100,1325627190,0
male,26,80,1325620511,0
female,30,80,1325628207,0
female,50,200,1325620741,0
male,98,200,1325621719,1
female,27,200,1325327100,1
male,1,200,1325319658,1
male,57,60,1325627840,0
female,76,60,1325622010,1
female,5,200,1325320872,1
female,44,100,1325623551,0
female,4,80,1325623977,1
female,33,200,1325321372,0
male,55,60,1325323116,0
male,62,60,1325625253,0
female,68,80,1325625327,1
female,45,200,1325620298,1
male,66,60,1325628734,1
female,76,200,1325326440,1
female,13,60,1325623510,0
female,96,200,1325628031,1
female,82,60,1325326410,1
female,8,60,1325323856,0
female,99,80,1325321591,1
female,24,100,1325626357,0
male,95,200,1325324080,1
male,38,60,1325624992,0
male,43,60,1325324270,0
male,12,100,1325324167,0
female,57,200,1325326245,1
male,10,60,1325326260,0
female,45,60,1325620838,0
male,7,200,1325622132,0
male,22,80,1325326768,0
male,100,200,1325324600,1
female,61,200,1325626088,1
male,14,200,1325623887,1
male,2,100,1325624927,1
female,80,80,1325319247,1
male,60,200,1325324570,0
male,49,100,1325324471,0
male,46,100,1325620080,0
female,77,80,1325625595,1
male,2,80,1325623735,0
male,68,60,1325325688,1
male,62,60,1325627476,1
male,63,80,1325326447,1
male,13,60,1325319838,0
female,52,80,1325321121,0
female,38,200,1325622402,1
male,74,100,1325628549,1
male,80,60,1325323848,1
male,51,80,1325620546,0
male,67,60,1325323650,1
male,89,200,1325623742,1
female,60,80,1325322345,0
female,9,80,1325627282,0
female,72,100,1325322846,1
female,97,200,1325624911,0
male,100,200,1325321691,1
female,39,80,1325326382,0
male,58,80,1325623595,0
male,6,200,1325325821,0
male,100,80,1325620106,1
female,95,100,1325320759,1
male,99,60,1325622431,1
female,91,200,1325624306,1
male,18,80,1325622072,0
female,35,80,1325326297,0
female,32,200,1325624688,0
male,37,200,1325319105,1
male,19,60,1325322125,0
male,50,80,1325622838,0
female,19,200,1325323327,0
male,35,60,1325620824,0
male,84,200,1325326645,1
male,81,200,1325321035,1
female,11,80,1325324594,0
female,76,60,1325624073,1
female,90,100,1325327140,1
male,15,200,1325326842,0
male,60,60,1325320917,0
female,40,60,1325625019,0
male,61,80,1325628690,0
male,68,100,1325326596,1
female,84,60,1325620239,1
female,36,200,1325626361,1
female,60,200,1325621100,0
male,99,200,1325627590,1
female,68,80,1325319223,1
male,94,100,1325321100,1
female,55,80,1325627312,0
male,37,200,1325627260,0
male,13,100,1325622542,0
female,14,80,1325625057,0
male,31,80,1325324822,0
male,77,100,1325322341,1
female,56,80,1325327808,0
male,0,200,1325319486,1
male,53,80,1325325791,0
male,71,60,1325326858,1
male,44,200,1325620519,1
female,71,60,1325322172,1
female,83,100,1325327791,1
female,89,60,1325320078,1
female,48,200,1325624758,1
male,13,100,1325623448,0
female,15,200,1325626163,1
female,54,60,1325327205,0
male,15,80,1325624907,0
male,27,100,1325327901,0
female,68,100,1325324438,1
female,10,200,1325321679,0
female,12,60,1325627384,0
female,89,60,1325324393,1
female,4,60,1325628768,1
female,13,200,1325625763,0
female,65,80,1325324549,1
male,85,80,1325322190,1
female,66,100,1325624960,1
female,92,80,1325628083,1
female,26,100,1325622121,0
female,61,200,1325621126,1
male,88,100,1325322612,1
male,33,200,1325319254,0
male,26,100,1325628607,1
male,100,60,1325323022,1
female,84,200,1325622438,1
female,32,200,1325323476,0
male,31,100,1325627742,0
female,45,60,1325623164,0
male,12,100,1325321553,1
male,84,60,1325325434,1
male,20,80,1325323291,0
female,63,100,1325326162,1
female,84,200,1325319284,1
female,96,80,1325628179,1
female,68,100,1325626696,0
male,11,200,1325624206,0
male,95,100,1325621674,1
female,2,80,1325621143,1
male,70,200,1325621812,1
male,89,200,1325625987,1
female,57,100,1325323489,0
male,63,100,1325623483,1
male,14,100,1325321223,0
female,44,100,1325620710,0
female,39,80,1325625335,0
female,1,200,1325321941,1
female,79,200,1325622781,1
male,93,60,1325324439,1
female,82,80,1325326348,1
male,17,60,1325625086,0
female,23,100,1325323242,0
male,15,100,1325325640,0
male,93,200,1325627706,1
male,56,200,1325322160,0
female,55,100,1325320678,0
female,38,80,1325321654,0
female,84,200,1325627802,0
male,52,100,1325620251,0
male,53,200,1325325840,1
male,25,200,1325321085,0
female,12,100,1325324186,0
female,96,100,1325628657,1
male,70,200,1325322300,0
male,54,80,1325327330,0
male,91,200,1325327101,1
male,65,100,1325324362,1
male,56,60,1325620744,0
female,47,60,1325625350,1
male,72,60,1325623745,0
female,59,60,1325620987,0
male,17,80,1325320254,0
female,73,80,1325620120,1
female,91,100,1325320740,1
male,31,60,1325627109,0
female,10,200,1325627145,0
female,66,200,1325626599,1
female,35,60,1325621121,0
female,69,100,1325321719,1
male,9,60,1325622538,0
female,87,100,1325327641,1
male,7,200,1325324621,0
male,36,60,1325621613,0
female,42,60,1325327366,1
male,32,60,1325621821,1
male,22,100,1325324830,0
male,67,100,1325626173,0
female,72,200,1325327749,1
female,43,200,1325622000,1
male,53,80,1325321281,0
female,3,80,1325622039,1
female,75,100,1325626537,1
female,9,60,1325627118,0
male,6,200,1325319528,0
male,87,200,1325621874,1
male,7,200,1325319526,0
male,40,60,1325320092,0
female,13,100,1325324155,0
male,35,200,1325623944,0
male,96,60,1325325992,1
female,22,80,1325324382,0
male,1,100,1325322587,1
male,84,100,1325325578,1
male,34,80,1325325357,0
female,34,200,1325320170,0
female,57,80,1325327448,0
male,15,80,1325323337,0
male,35,60,1325622778,0
female,23,80,1325324676,0
female,69,80,1325622649,1
female,5,60,1325625644,1
male,95,200,1325322357,1
male,34,200,1325627435,0
male,55,100,1325625884,0
male,33,80,1325322959,0
male,31,100,1325319281,1
male,20,200,1325628114,0
female,43,80,1325623980,0
male,79,60,1325325444,1
female,51,100,1325322879,0
female,69,80,1325627383,1
male,19,100,1325622287,0
female,46,80,1325320511,0
male,65,80,1325321108,1
male,60,200,1325323426,0
female,69,200,1325326922,1
female,13,200,1325321678,1
female,90,200,1325625297,1
male,25,80,1325319310,0
female,90,60,1325328090,1
male,67,60,1325324612,1
female,96,100,1325624319,1
female,59,100,1325324092,0
female,99,80,1325327063,1
male,40,100,1325623403,0
female,26,100,1325325315,0
female,62,100,1325620865,0
female,88,80,1325628233,1
male,28,100,1325627134,0
female,34,60,1325326962,1
male,95,200,1325327228,0
female,52,60,1325326948,0
male,84,200,1325624365,1
male,50,60,1325625211,1
female,38,100,1325620706,0
male,61,100,1325621758,1
male,66,200,1325627960,1
male,26,200,1325326807,0
female,33,80,1325320047,0
female,38,100,1325623048,0
female,0,200,1325320704,1
male,37,80,1325624189,0
male,27,200,1325621612,0
female,9,80,1325623539,0
male,73,60,1325320254,0
male,29,100,1325628496,0
male,5,200,1325625341,1
male,58,60,1325319186,0
female,52,100,1325319273,0
female,12,100,1325321510,0
female,76,100,1325319186,1
female,41,200,1325320912,0
female,79,200,1325322635,1
male,95,200,1325320631,1
male,38,200,1325327962,1
male,7,100,1325327731,0
female,42,80,1325323942,0
male,45,200,1325627510,1
female,34,80,1325622509,0
female,92,200,1325620309,1
male,3,80,1325625501,1
female,19,100,1325323001,0
female,93,60,1325323410,1
female,54,60,1325623539,0
male,1,100,1325625629,1
female,87,100,1325325803,1
female,20,80,1325623680,0
male,62,60,1325321750,1
female,7,80,1325326114,0
male,41,200,1325320334,0
male,2,200,1325621921,1
female,82,100,1325628421,0
male,79,60,1325320463,1
female,72,200,1325325959,1
female,38,60,1325627029,0
male,23,60,1325621856,0
female,98,60,1325624786,1
male,51,60,1325321041,0
female,14,80,1325624675,0
female,54,60,1325623778,0
male,98,100,1325628814,1
female,27,80,1325319249,0
female,66,60,1325620927,1
female,37,200,1325626343,1
male,95,200,1325623977,1
male,49,100,1325321333,0
male,23,60,1325624945,0
male,72,100,1325325456,1
female,83,80,1325620740,1
female,36,100,1325627466,0
female,4,60,1325322626,1
female,26,80,1325320812,0
female,32,100,1325327015,1
female,25,100,1325319854,0
female,95,200,1325627829,1
female,6,80,1325320576,0
male,90,60,1325322142,0
female,63,100,1325325831,1
female,37,200,1325623462,1
male,98,80,1325324424,1
male,5,80,1325326675,0
female,57,80,1325626191,0
male,39,200,1325326948,1
male,96,200,1325324494,1
female,5,100,1325626465,0
female,10,200,1325622767,0
male,55,60,1325619916,0
male,94,60,1325322466,0
female,62,100,1325321404,1
female,89,80,1325621441,1
female,19,80,1325325676,0
male,35,60,1325621356,1
male,24,100,1325619978,1
female,52,200,1325622949,1
female,95,100,1325626531,1
male,75,60,1325625637,1
male,19,200,1325624119,1
male,66,100,1325321628,1
male,82,100,1325323649,1
male,43,100,1325322445,0
female,96,100,1325623301,1
female,95,60,1325319218,1
male,68,100,1325321488,1
male,84,200,1325620636,1
female,69,100,1325319537,1
male,0,200,1325620472,1
male,93,100,1325623974,0
female,36,200,1325322552,0
female,59,100,1325326115,0
female,62,80,1325319521,1
male,6,60,1325319398,0
female,56,60,1325627069,0
male,45,200,1325623230,1
male,18,100,1325627877,0
female,9,100,1325626119,0
female,13,80,1325324047,0
female,28,80,1325325135,0
female,29,200,1325628362,1
female,72,80,1325327175,1
female,7,200,1325621070,1
female,87,200,1325622231,1
female,99,80,1325628469,0
female,26,60,1325626977,0
female,68,60,1325320278,0
male,52,200,1325624956,1
female,73,200,1325319724,1
male,17,100,1325624856,0
male,35,200,1325322090,1
female,92,200,1325321383,1
male,8,60,1325621026,0
male,49,60,1325319798,0
female,51,60,1325627239,0
male,42,80,1325620833,0
male,57,200,1325619970,0
male,23,60,1325621511,0
male,31,80,1325321732,0
female,19,200,1325320785,0
female,19,200,1325620237,0
male,53,200,1325627675,0
male,52,60,1325320873,0
female,85,200,1325323907,1
male,91,60,1325625600,1
female,98,200,1325620234,1
female,64,60,1325320603,1
female,23,200,1325625379,0
female,43,60,1325624126,0
male,21,60,1325327128,0
male,32,60,1325625568,1
male,60,60,1325628142,0
female,19,80,1325327551,0
male,87,100,1325319172,1
male,14,80,1325625033,0
female,34,200,1325323227,1
female,73,100,1325321037,1
female,89,80,1325627170,1
male,29,80,1325625193,0
male,33,100,1325623521,0
female,67,60,1325624046,1
male,86,100,1325322234,1
female,89,60,1325626361,1
female,91,100,1325622670,0
female,26,60,1325326632,1
male,96,200,1325319708,1
male,15,80,1325622234,0
female,54,100,1325327487,0
male,54,60,1325325406,0
male,88,60,1325320343,1
male,75,100,1325324372,1
female,90,60,1325624841,1
female,99,200,1325321578,1
male,90,100,1325626460,1
male,20,100,1325319988,0
male,93,100,1325321390,1
female,97,60,1325319925,1
male,67,60,1325325682,1
male,46,200,1325324337,1
female,29,200,1325624504,1
male,2,60,1325621696,1
male,40,60,1325323745,0
female,76,200,1325620413,1
male,37,200,1325322535,1
female,97,60,1325623355,1
female,59,100,1325624828,0
male,99,60,1325622901,1
male,30,100,1325628775,0
male,69,80,1325319575,1
female,38,80,1325325281,0
female,95,200,1325319750,1
female,49,100,1325322553,0
male,81,80,1325621252,1
female,42,100,1325621318,0
male,78,200,1325321626,1
female,2,80,1325623936,1
female,48,100,1325621208,0
male,53,80,1325324500,0
female,59,60,1325620923,0
female,62,200,1325324976,1
male,91,200,1325627467,1
male,65,200,1325622333,1
male,70,200,1325627294,0
female,49,60,1325326568,0
male,31,200,1325624895,0
male,95,100,1325626299,0
female,86,200,1325325842,1
male,65,200,1325322365,1
male,3,80,1325325278,1
female,95,80,1325319178,1
female,60,60,1325322715,0
female,39,60,1325620002,0
female,58,200,1325622814,0
female,75,200,1325621270,1
male,68,100,1325319485,1
female,92,100,1325326140,1
male,80,60,1325323467,1
female,40,60,1325324442,0
male,98,100,1325624929,1
female,83,200,1325322598,1
female,9,80,1325624874,0
male,37,200,1325323005,1
female,99,100,1325320070,1
male,39,80,1325325287,0
male,1,200,1325327335,1
female,89,200,1325326522,1
female,85,60,1325319481,1
female,19,60,1325627144,0
male,73,60,1325327771,0
female,1,60,1325327413,1
female,23,100,1325624179,0
female,82,80,1325319591,0
female,7,100,1325628667,0
female,28,80,1325319137,0
female,80,60,1325626381,0
male,8,80,1325625978,0
female,99,200,1325322895,1
male,6,100,1325319624,0
female,74,100,1325623161,1
male,53,60,1325323781,0
female,35,100,1325625264,0
male,89,200,1325626320,1
male,17,200,1325620033,0
male,95,60,1325319557,1
female,82,60,1325620188,1
male,56,100,1325323103,0
female,42,100,1325327399,0
female,59,60,1325625480,1
female,30,60,1325321957,1
female,57,200,1325321023,0
female,98,60,1325323579,1
female,15,200,1325326501,1
male,58,60,1325324720,0
male,75,60,1325320675,1
male,42,200,1325622681,0
male,52,80,1325624373,0
female,91,80,1325628634,1
female,68,200,1325324508,1
female,76,100,1325627594,1
male,81,200,1325626871,1
male,22,200,1325622301,1
female,33,60,1325624000,0
female,16,200,1325624884,1
male,58,100,1325623800,0
female,33,100,1325623008,0
male,12,200,1325321105,1
female,28,100,1325621980,0
male,8,200,1325628557,0
male,79,100,1325321872,1
male,47,200,1325319160,0
female,48,100,1325623315,0
male,25,200,1325321469,0
male,4,60,1325621540,1
male,50,60,1325325271,0
female,34,80,1325622286,0
male,19,100,1325627491,0
female,17,80,1325624744,0
female,56,60,1325620098,0
male,100,80,1325626379,1
male,85,80,1325320800,0
male,7,60,1325627984,0
female,33,100,1325625726,0
female,88,80,1325325752,0
female,19,200,1325324844,0
female,26,80,1325624849,0
female,50,60,1325327795,0
male,88,200,1325320400,1
female,29,60,1325320492,0
female,19,60,1325620682,0
female,9,200,1325620840,0
male,52,60,1325321882,0
female,13,80,1325628153,0
female,85,200,1325626394,1
male,17,200,1325627980,0
male,81,200,1325627505,1
male,49,60,1325622684,0
male,74,80,1325326958,1
male,75,200,1325322650,0
male,100,60,1325323873,1
male,6,80,1325323591,0
male,59,80,1325321013,1
male,65,100,1325320478,1
female,31,200,1325628882,1
female,34,100,1325628586,0
male,13,200,1325323743,1
female,22,200,1325322114,1
female,63,60,1325622130,0
male,35,60,1325321325,0
male,65,80,1325620093,1
male,21,60,1325623782,0
male,11,60,1325623263,0
female,18,100,1325625065,0
male,59,200,1325622399,1
female,93,100,1325320254,1
female,67,100,1325322217,1
female,29,60,1325627961,0
male,47,80,1325320379,0
female,51,200,1325323115,1
female,68,60,1325320820,1
female,46,100,1325620890,0
female,36,200,1325628396,1
female,45,80,1325327140,0
female,17,60,1325628553,0
male,14,60,1325327946,0
male,54,80,1325325374,0
female,37,100,1325322141,0
male,66,100,1325327081,1
male,70,80,1325324515,1
male,90,100,1325623008,1
male,9,100,1325624803,0
male,11,100,1325324349,0
female,16,80,1325621877,0
male,68,60,1325322630,1
female,72,200,1325620508,1
female,81,80,1325624042,1
male,83,200,1325622259,1
female,17,60,1325324575,0
female,73,100,1325623172,1
female,32,60,1325319170,0
female,11,100,1325627631,0
male,90,100,1325620975,1
female,7,100,1325321784,0
female,57,80,1325620469,0
female,79,80,1325626634,1
female,34,100,1325620467,0
male,10,100,1325620256,0
male,4,100,1325324187,1
male,80,60,1325323691,1
female,42,200,1325323289,0
male,30,100,1325620261,0
female,40,200,1325628852,1
male,59,60,1325324741,0
female,40,80,1325623988,0
male,88,60,1325323773,1
male,94,60,1325623802,1
female,17,100,1325326092,0
male,53,200,1325325017,0
female,80,60,1325625452,1
female,2,80,1325628816,1
female,86,200,1325623387,1
female,85,60,1325627391,0
female,70,100,1325620077,1
female,72,100,1325321086,0
female,40,80,1325323045,0
male,55,200,1325623707,0
female,100,60,1325626066,1
female,50,200,1325323428,1
female,68,100,1325323663,1
male,59,80,1325320188,0
male,2,80,1325623478,1
male,27,200,1325327330,1
male,58,80,1325625113,0
male,68,60,1325322440,1
male,17,200,1325319550,1
female,13,80,1325628862,1
male,49,80,1325626605,0
male,19,60,1325321776,0
female,3,100,1325625287,1
male,42,60,1325322775,0
female,21,80,1325326345,0
male,91,60,1325319269,1
male,23,100,1325622553,0
female,91,60,1325327203,1
male,58,80,1325626194,0
female,0,200,1325625886,1
male,79,100,1325320593,1
female,85,100,1325325847,1
male,41,100,1325323515,0
male,47,100,1325327761,0
female,99,80,1325620507,1
female,98,80,1325321819,1
male,60,60,1325626776,0
female,24,80,1325320742,0
female,43,80,1325326383,0
female,82,100,1325626815,1
female,1,200,1325620561,1
female,87,200,1325323781,1
male,69,60,1325623118,1
male,61,80,1325621152,1
male,87,200,1325322315,1
male,92,60,1325326528,1
female,37,80,1325620934,0
female,38,80,1325623390,0
female,75,100,1325623184,1
male,76,100,1325625240,1
male,31,200,1325623288,0
male,74,100,1325625912,1
female,69,80,1325327446,1
female,51,60,1325622427,0
male,94,200,1325324993,1
female,16,60,1325624542,0
female,18,60,1325327522,0
male,93,200,1325623878,1
male,37,60,1325624489,0
female,63,80,1325622873,1
female,40,80,1325322814,0
male,90,100,1325322293,1
female,72,100,1325325019,0
male,49,80,1325320073,0
male,34,200,1325320807,0
female,83,60,1325623381,1
female,65,100,1325326810,1
female,35,100,1325622697,0
female,36,200,1325626084,1
female,89,60,1325325227,1
female,63,100,1325622608,1
female,100,200,1325325669,1
male,31,200,1325623751,0
male,95,200,1325620019,1
female,10,200,1325621750,1
female,13,200,1325627798,0
male,11,200,1325620916,0
male,67,60,1325327516,1
male,73,100,1325626642,1
female,46,60,1325326653,1
male,2,80,1325325292,1
female,63,200,1325325478,1
female,40,100,1325628145,1
female,8,60,1325322155,0
female,33,60,1325623713,0
male,56,200,1325624944,1
female,89,100,1325319765,1
male,17,60,1325623183,0
female,39,60,1325326655,0
female,27,80,1325326997,0
female,20,60,1325620843,1
male,74,80,1325325802,1
female,53,100,1325620084,0
male,87,60,1325319993,0
male,44,80,1325621349,0
female,4,200,1325323101,1
male,53,80,1325319592,0
male,27,80,1325325240,0
male,87,80,1325319209,1
female,25,60,1325624108,1
male,48,80,1325628267,0
female,74,200,1325627701,1
female,44,60,1325323051,0
male,31,100,1325319750,0
female,43,60,1325624715,0
female,37,60,1325627843,0
male,90,100,1325326172,1
male,81,100,1325325389,1
female,27,200,1325322777,0
male,44,80,1325321820,0
female,94,60,1325324829,1
female,8,60,1325623294,0
male,71,60,1325319735,1
female,45,60,1325628678,0
male,74,60,1325324323,1
female,16,200,1325621488,0
female,61,80,1325628393,1
male,23,60,1325622329,0
female,54,80,1325327538,1
male,49,100,1325326069,0
female,97,80,1325322706,1
male,6,60,1325621179,0
male,96,60,1325320195,1
male,26,60,1325625598,0
male,13,100,1325624898,0
female,91,60,1325326911,1
male,71,200,1325622995,0
male,17,200,1325320954,1
male,55,60,1325325941,0
female,12,200,1325619954,1
female,82,100,1325320894,1
male,51,200,1325320316,0
female,43,100,1325321445,0
female,57,100,1325623036,0
male,17,60,1325320835,0
male,64,60,1325323380,1
male,100,100,1325620946,1
female,94,200,1325325353,0
female,43,200,1325323350,1
male,3,60,1325320404,1
female,22,200,1325626542,1
male,61,100,1325624057,0
female,39,80,1325620657,0
male,14,100,1325319544,0
male,31,100,1325326800,0
male,43,200,1325319865,0
male,33,80,1325622147,0
male,30,80,1325326047,0
male,57,100,1325627563,0
male,13,60,1325626427,0
male,33,200,1325325603,0
male,0,200,1325627200,1
male,68,200,1325326846,1
female,17,100,1325320032,0
female,11,100,1325624456,0
female,41,100,1325328045,0
male,99,80,1325320053,1
male,11,60,1325323762,0
male,80,100,1325322721,1
male,76,80,1325621273,0
male,67,200,1325625025,1
male,8,200,1325627634,1
male,99,60,1325326498,1
female,64,60,1325326871,1
female,3,60,1325323889,1
female,63,60,1325321398,1
male,81,80,1325624390,1
male,87,60,1325626270,1
male,25,200,1325624592,0
female,49,100,1325321245,0
female,96,200,1325625618,1
female,16,60,1325625471,0
female,47,80,1325625694,0
male,95,200,1325327385,0
male,88,200,1325326685,1
female,76,100,1325627562,1
female,62,100,1325319211,1
male,83,100,1325323686,1
female,50,100,1325325995,0
female,30,60,1325627438,1
female,21,80,1325322828,0
male,54,200,1325626929,1
female,63,80,1325319281,1
male,67,80,1325628000,1
male,9,60,1325623655,0
male,92,60,1325621091,1
female,16,200,1325627094,1
female,64,200,1325624483,1
male,100,60,1325320911,0
male,100,100,1325327108,1
female,19,200,1325319268,1
female,76,200,1325625053,1
female,34,100,1325621408,0
female,80,200,1325328031,1
male,28,200,1325627986,0
male,71,200,1325327331,1
male,54,60,1325323632,0
male,59,100,1325325536,0
female,33,60,1325625991,0
female,6,80,1325327821,0
male,4,60,1325321606,1
female,45,200,1325624325,1
female,13,80,1325622773,0
male,16,100,1325320552,0
male,77,200,1325326214,1
male,40,200,1325324048,1
male,19,80,1325622376,0
male,31,200,1325320303,1
female,95,60,1325627460,1
female,97,60,1325327408,1
male,34,100,1325627891,1
female,39,200,1325627855,1
female,94,60,1325621524,1
female,32,100,1325627002,0
female,48,100,1325624435,0
female,82,100,1325622601,1
male,49,80,1325325700,0
female,1,80,1325627111,0
male,61,60,1325621114,1
female,89,60,1325319541,0
female,9,200,1325621308,1
male,82,200,1325620556,1
female,24,60,1325319714,0
female,94,200,1325326253,1
male,16,100,1325623729,0
male,54,200,1325326598,1
male,37,200,1325627395,1
female,74,200,1325624058,1
male,40,80,1325326586,1
male,10,60,1325323470,0
female,48,100,1325621475,0
male,89,60,1325626605,1
female,94,100,1325627793,1
female,70,60,1325624755,1
female,63,200,1325322621,1
female,93,100,1325326880,1
male,6,60,1325627956,0
female,94,80,1325326129,1
female,52,60,1325327932,0
female,60,60,1325321683,0
female,100,100,1325623724,0
female,30,200,1325625787,1
male,91,60,1325326686,1
male,61,60,1325327974,1
male,52,100,1325323184,0
male,84,200,1325623451,0
female,9,100,1325326628,0
male,100,100,1325620965,1
male,94,200,1325622457,1
female,46,80,1325319805,0
female,33,60,1325327893,0
female,68,80,1325621156,1
male,61,200,1325624317,1
male,77,200,1325325003,1
male,19,80,1325623167,0
male,18,80,1325620372,0
male,69,80,1325624943,1
female,77,80,1325319427,1
male,71,80,1325321236,1
female,85,80,1325325954,1
male,46,100,1325627972,0
male,60,60,1325626999,0
male,39,80,1325323906,0
male,57,80,1325320400,0
male,100,200,1325626095,1
male,76,100,1325320925,1
male,33,200,1325626319,0
male,61,200,1325320370,1
female,13,60,1325324598,0
female,28,60,1325622830,0
male,5,200,1325625738,1
female,7,80,1325628050,0
male,46,100,1325627793,0
female,84,80,1325625563,1
female,95,200,1325325083,1
female,45,60,1325627947,0
male,22,100,1325326751,0
female,86,200,1325620698,1
female,63,200,1325622906,1
female,100,60,1325622586,1
male,22,60,1325628617,0
male,6,100,1325622535,0
female,22,60,1325324214,0
female,97,100,1325626375,1
male,60,60,1325626902,1
female,81,80,1325321270,1
male,6,100,1325628022,0
male,27,60,1325324470,0
male,10,60,1325323800,0
female,51,100,1325622009,0
male,95,100,1325322974,1
male,49,100,1325326124,0
male,38,60,1325620810,0
female,46,200,1325623447,1
male,10,80,1325322997,0
female,35,80,1325621968,1
female,73,200,1325622558,1
male,78,60,1325323628,1
female,99,60,1325620293,1
male,18,60,1325627609,0
male,66,100,1325626204,1
male,42,80,1325322844,0
female,54,80,1325320793,0
male,97,80,1325320689,1
male,27,100,1325321529,0
female,25,200,1325320646,1
female,37,60,1325626741,0
male,79,200,1325327914,1
female,60,80,1325623882,0
female,45,200,1325324245,1
male,63,60,1325623877,1
male,9,100,1325319231,0
male,9,80,1325320166,1
female,31,200,1325323016,0
female,42,60,1325624567,0
female,79,100,1325622121,1
male,14,200,1325327999,1
male,100,100,1325625579,0
female,14,200,1325321987,1
female,85,100,1325628316,1
female,63,60,1325325785,0
male,37,60,1325320062,0
male,70,200,1325624573,1
male,87,80,1325321732,1
female,37,200,1325627493,0
female,5,60,1325324385,0
male,100,200,1325325498,1
female,49,100,1325628068,0
female,61,60,1325625521,1
female,97,100,1325620453,1
female,77,100,1325620108,1
male,15,80,1325627132,0
female,83,80,1325319552,1
female,76,80,1325321521,1
female,19,100,1325321589,0
female,25,60,1325326088,0
female,23,200,1325320653,0
male,29,100,1325623216,0
male,23,60,1325324050,0
female,57,60,1325624637,0
male,58,200,1325621388,1
female,57,200,1325323657,1
male,75,60,1325628056,1
female,2,100,1325322826,1
female,73,200,1325620658,1
female,86,60,1325324255,1
female,11,60,1325319729,0
male,56,80,1325620309,0
female,3,80,1325626434,1
male,72,80,1325620924,1
male,87,60,1325326702,1
male,11,100,1325327358,0
female,58,60,1325322864,0
female,16,200,1325325344,1
female,93,60,1325322925,1
male,21,80,1325319862,0
male,50,100,1325627738,0
female,81,60,1325322974,1
female,32,100,1325626052,0
female,80,60,1325624687,1
female,4,60,1325320309,1
female,35,80,1325621630,0
male,67,60,1325625298,0
male,42,200,1325325008,0
female,42,100,1325321988,0
female,8,200,1325622756,1
female,92,60,1325620971,1
female,99,100,1325321040,1
female,72,80,1325326273,1
male,47,100,1325325545,0
female,4,60,1325324477,1
male,85,100,1325620783,1
male,30,60,1325319913,0
male,61,60,1325628608,1
female,33,80,1325621422,0
female,82,80,1325323093,1
female,55,80,1325328034,0
female,35,80,1325320679,0
female,64,80,1325625639,1
male,46,100,1325627650,1
female,55,200,1325324511,1
male,96,80,1325319270,1
female,9,100,1325624257,1
female,1,100,1325325795,0
female,70,200,1325323333,1
male,98,100,1325620949,0
male,29,80,1325322273,0
male,26,60,1325319803,0
male,0,100,1325319893,1
male,40,60,1325322979,0
male,79,200,1325325101,0
female,49,80,1325621829,0
male,42,80,1325623031,0
male,51,100,1325626433,0
female,48,100,1325321097,0
female,21,80,1325324505,0
female,38,80,1325325811,1
female,76,200,1325626741,1
male,95,100,1325323143,0
female,14,60,1325623373,0
male,7,80,1325327117,0
female,94,200,1325326583,1
female,56,80,1325625449,0
female,5,60,1325319178,0
female,32,200,1325324913,1
female,86,200,1325327402,1
male,31,80,1325620049,1
male,0,100,1325320407,1
male,29,100,1325319229,1
male,27,60,1325326208,0
female,42,80,1325626399,0
male,94,60,1325623283,1
female,64,100,1325628399,1
male,20,200,1325624065,0
male,90,100,1325628474,1
female,89,100,1325621032,1
female,97,100,1325319929,1
male,97,100,1325327753,0
female,12,80,1325625974,1
male,15,60,1325622843,0
male,46,80,1325627646,0
female,26,200,1325624612,1
female,58,100,1325620156,0
female,31,80,1325322046,0
male,39,100,1325324621,0
male,9,80,1325619942,0
female,74,60,1325620707,1
male,36,100,1325622028,0
male,81,200,1325319858,1
male,67,100,1325628375,1
female,15,60,1325625881,0
male,65,80,1325322703,1
female,56,60,1325628458,0
male,23,200,1325324399,0
male,31,80,1325327192,0
male,61,200,1325620269,1
female,3,200,1325622878,1
male,24,60,1325621981,0
male,32,60,1325325562,0
male,4,80,1325326259,1
female,21,100,1325626321,0
male,33,60,1325626354,0
female,8,60,1325621994,0
female,4,80,1325625006,1
male,28,100,1325328057,0
male,15,80,1325624714,0
male,95,60,1325627175,1
male,1,200,1325624931,1
female,83,100,1325325526,1
female,65,100,1325325830,1
female,48,60,1325322299,0
male,29,80,1325622809,0
male,51,60,1325620145,1
female,57,60,1325624250,0
female,71,80,1325319292,1
male,35,100,1325327111,0
male,78,200,1325322702,0
female,17,100,1325327454,0
female,32,80,1325319733,1
male,16,100,1325620899,0
female,33,60,1325621671,1
female,45,80,1325621508,0
male,72,80,1325625816,1
male,73,200,1325623667,0
male,52,80,1325325003,0
female,9,60,1325619973,0
male,40,100,1325627719,0
female,32,60,1325628624,0
female,72,100,1325621950,1
male,51,80,1325324881,0
female,40,200,1325322367,0
male,5,80,1325623020,0
male,47,80,1325626417,0
female,74,80,1325319663,1
female,77,100,1325625337,1
male,23,200,1325323007,1
female,49,200,1325326934,0
female,71,80,1325626847,1
female,73,100,1325323208,1
male,13,200,1325624251,0
female,89,200,1325326996,1
female,53,100,1325324314,0
female,12,80,1325626463,0
female,22,200,1325326435,1
female,10,200,1325625906,0
female,18,80,1325323921,0
female,90,200,1325621988,1
female,7,200,1325321326,0
female,7,100,1325324485,1
male,38,100,1325622910,0
male,26,100,1325323251,0
male,38,200,1325324356,1
female,42,100,1325625741,0
male,70,80,1325625980,1
male,56,80,1325623611,0
female,2,100,1325622297,1
male,83,60,1325620124,1
male,35,80,1325621290,0
female,100,100,1325327870,0
male,28,60,1325619916,0
female,19,80,1325321167,0
male,29,100,1325324599,0
male,43,60,1325620777,0
male,96,80,1325322583,0
male,13,60,1325622593,0
female,52,200,1325327144,0
male,1,80,1325323380,1
female,39,80,1325621359,0
male,94,80,1325622429,1
male,100,100,1325622715,1
female,92,60,1325323450,1
male,33,200,1325326121,0
female,60,200,1325326653,0
male,24,200,1325622662,0
female,32,200,1325319273,1
male,50,100,1325321024,0
female,98,200,1325322249,1
female,22,200,1325327373,0
female,100,200,1325623486,0
male,8,200,1325321970,1
female,45,100,1325622804,0
female,11,80,1325323905,0
female,0,100,1325621623,1
female,13,100,1325625515,0
female,92,80,1325623329,1
male,4,200,1325320503,0
male,16,80,1325628521,0
female,72,200,1325327731,1
female,18,60,1325623747,0
female,28,200,1325326493,1
female,88,100,1325319464,1
female,26,200,1325624706,0
male,61,80,1325621268,1
male,49,80,1325622997,0
male,64,60,1325320531,1
female,94,200,1325628288,1
male,65,60,1325628159,1
female,89,200,1325323200,1
female,88,200,1325327310,1
female,33,100,1325326535,0
male,6,60,1325626031,0
female,73,200,1325324050,1
male,29,200,1325622384,1
female,83,200,1325621049,1
male,57,100,1325325881,1
female,80,200,1325326691,1
female,44,200,1325621669,1
male,80,200,1325326026,0
male,32,60,1325319861,0
female,30,60,1325324037,0
male,50,200,1325322215,1
female,37,60,1325622831,0
male,44,80,1325621414,0
male,53,80,1325323386,0
male,45,60,1325321676,0
male,80,60,1325321519,1
male,41,200,1325622579,0
female,75,80,1325624929,1
female,95,80,1325624379,1
female,42,200,1325627357,0
female,71,200,1325326240,1
male,58,200,1325324323,0
male,63,60,1325624151,1
male,91,100,1325626300,1
male,69,200,1325320035,1
female,63,80,1325322306,0
female,16,200,1325325387,0
male,51,80,1325625120,0
female,97,80,1325621318,0
male,92,100,1325622873,1
female,3,200,1325628149,1
female,85,200,1325321558,1
female,0,80,1325325871,1
male,26,80,1325327437,0
female,84,60,1325627374,1
